,id,name,album_id,disc_number,track_number,duration_ms,valence,energy,acousticness,instrumentalness,danceability,url,uri
0,4vzheKJ4T7vtewqPLH4jBW,Darkness Fades,55k2y2CMY7Xkw7T3t26MTS,1,1,273560,0.0675,0.45,0.171,0.000262,0.242,https://open.spotify.com/embed/track/4vzheKJ4T7vtewqPLH4jBW,spotify:track:4vzheKJ4T7vtewqPLH4jBW
1,20X8QOhmCu5gX8fxjTCCRD,Home to Me,55k2y2CMY7Xkw7T3t26MTS,1,2,218533,0.242,0.373,0.108,0.366,0.593,https://open.spotify.com/embed/track/20X8QOhmCu5gX8fxjTCCRD,spotify:track:20X8QOhmCu5gX8fxjTCCRD
2,1j05GjDriIklmdItfijzwg,I'll Try,55k2y2CMY7Xkw7T3t26MTS,1,3,187613,0.316,0.621,0.00336,0.106,0.453,https://open.spotify.com/embed/track/1j05GjDriIklmdItfijzwg,spotify:track:1j05GjDriIklmdItfijzwg
3,2fURyKFnfufJDryD0fvxG0,Anything,55k2y2CMY7Xkw7T3t26MTS,1,4,158440,0.15,0.717,0.00496,0.00655,0.489,https://open.spotify.com/embed/track/2fURyKFnfufJDryD0fvxG0,spotify:track:2fURyKFnfufJDryD0fvxG0
4,29YsqWWkfXx8VanLAoH6Pv,Born,55k2y2CMY7Xkw7T3t26MTS,1,5,302413,0.262,0.359,0.0192,0.00983,0.509,https://open.spotify.com/embed/track/29YsqWWkfXx8VanLAoH6Pv,spotify:track:29YsqWWkfXx8VanLAoH6Pv
5,0r1QbkYiDL6skMykjUFxfe,Headspace,55k2y2CMY7Xkw7T3t26MTS,1,6,266013,0.325,0.767,0.000221,0.178,0.489,https://open.spotify.com/embed/track/0r1QbkYiDL6skMykjUFxfe,spotify:track:0r1QbkYiDL6skMykjUFxfe
6,1i779BR4wOj5z6NRxwosZa,Come Back,55k2y2CMY7Xkw7T3t26MTS,1,7,269960,0.173,0.344,0.215,0.00013,0.334,https://open.spotify.com/embed/track/1i779BR4wOj5z6NRxwosZa,spotify:track:1i779BR4wOj5z6NRxwosZa
7,3YSvzjSuKBrzBqIlajLMLS,Darkish,55k2y2CMY7Xkw7T3t26MTS,1,8,244760,0.0693,0.054,0.947,0.0,0.217,https://open.spotify.com/embed/track/3YSvzjSuKBrzBqIlajLMLS,spotify:track:3YSvzjSuKBrzBqIlajLMLS
8,1guZoNOer88c43c3PwoS7d,Mistakes,55k2y2CMY7Xkw7T3t26MTS,1,9,239146,0.515,0.777,0.00283,0.604,0.571,https://open.spotify.com/embed/track/1guZoNOer88c43c3PwoS7d,spotify:track:1guZoNOer88c43c3PwoS7d
9,0zrBiG42TrzJ6I4Oy79Kkv,Far Away,55k2y2CMY7Xkw7T3t26MTS,1,10,199093,0.164,0.396,0.44,0.00144,0.431,https://open.spotify.com/embed/track/0zrBiG42TrzJ6I4Oy79Kkv,spotify:track:0zrBiG42TrzJ6I4Oy79Kkv
10,1CV3ROoI5E5X9B4v1YGGWW,Never Gonna Change,55k2y2CMY7Xkw7T3t26MTS,1,11,218720,0.111,0.725,0.0195,0.351,0.471,https://open.spotify.com/embed/track/1CV3ROoI5E5X9B4v1YGGWW,spotify:track:1CV3ROoI5E5X9B4v1YGGWW
11,0Ofq6OUUf5od1LOZGIK7IT,Porta,55k2y2CMY7Xkw7T3t26MTS,1,12,206960,0.37,0.593,0.000237,0.174,0.561,https://open.spotify.com/embed/track/0Ofq6OUUf5od1LOZGIK7IT,spotify:track:0Ofq6OUUf5od1LOZGIK7IT
12,0atYSpgYxLyNRfwqKBpc5H,Used To It,55k2y2CMY7Xkw7T3t26MTS,1,13,271120,0.399,0.498,0.576,0.506,0.459,https://open.spotify.com/embed/track/0atYSpgYxLyNRfwqKBpc5H,spotify:track:0atYSpgYxLyNRfwqKBpc5H
13,6lhhLvkwJniNGJmZ01MCtI,When I Die,55k2y2CMY7Xkw7T3t26MTS,1,14,285266,0.293,0.66,0.0062,0.00307,0.499,https://open.spotify.com/embed/track/6lhhLvkwJniNGJmZ01MCtI,spotify:track:6lhhLvkwJniNGJmZ01MCtI
14,0NAcDFrzFFLYym7hlraGY0,Darkness Fades,3PqowBonjatEu0P7g5AIHr,1,1,273560,0.0721,0.452,0.176,0.000326,0.253,https://open.spotify.com/embed/track/0NAcDFrzFFLYym7hlraGY0,spotify:track:0NAcDFrzFFLYym7hlraGY0
15,4bjo7Ae7NUu1cz4jDzXNaK,Home to Me,3PqowBonjatEu0P7g5AIHr,1,2,218533,0.24,0.374,0.112,0.381,0.591,https://open.spotify.com/embed/track/4bjo7Ae7NUu1cz4jDzXNaK,spotify:track:4bjo7Ae7NUu1cz4jDzXNaK
16,4MZsozUZhbwLb5QFNh8t77,I'll Try,3PqowBonjatEu0P7g5AIHr,1,3,187613,0.357,0.621,0.00341,0.0919,0.454,https://open.spotify.com/embed/track/4MZsozUZhbwLb5QFNh8t77,spotify:track:4MZsozUZhbwLb5QFNh8t77
17,0CRURHlmneilmPXh9rFESw,Anything,3PqowBonjatEu0P7g5AIHr,1,4,158440,0.157,0.721,0.0049,0.00659,0.492,https://open.spotify.com/embed/track/0CRURHlmneilmPXh9rFESw,spotify:track:0CRURHlmneilmPXh9rFESw
18,4EVKNIqFwV98Cd01JKhEze,Born,3PqowBonjatEu0P7g5AIHr,1,5,302413,0.262,0.358,0.0205,0.0111,0.502,https://open.spotify.com/embed/track/4EVKNIqFwV98Cd01JKhEze,spotify:track:4EVKNIqFwV98Cd01JKhEze
19,5JvibHgvp1ZyMCKlgFdMcw,Headspace,3PqowBonjatEu0P7g5AIHr,1,6,266013,0.321,0.763,0.000222,0.171,0.488,https://open.spotify.com/embed/track/5JvibHgvp1ZyMCKlgFdMcw,spotify:track:5JvibHgvp1ZyMCKlgFdMcw
20,6UxAuMIrlJfVfFTd93MF2E,Come Back,3PqowBonjatEu0P7g5AIHr,1,7,269960,0.181,0.346,0.215,0.000118,0.332,https://open.spotify.com/embed/track/6UxAuMIrlJfVfFTd93MF2E,spotify:track:6UxAuMIrlJfVfFTd93MF2E
21,1kZ50e56jQtzJKw7QJFC4Q,Darkish,3PqowBonjatEu0P7g5AIHr,1,8,244760,0.0685,0.0528,0.947,0.0,0.339,https://open.spotify.com/embed/track/1kZ50e56jQtzJKw7QJFC4Q,spotify:track:1kZ50e56jQtzJKw7QJFC4Q
22,4WYVA9t70fpESE1mychdZL,Mistakes,3PqowBonjatEu0P7g5AIHr,1,9,239146,0.515,0.775,0.00278,0.59,0.571,https://open.spotify.com/embed/track/4WYVA9t70fpESE1mychdZL,spotify:track:4WYVA9t70fpESE1mychdZL
23,5JucehRNSZbR80Kh1bz9BX,Far Away,3PqowBonjatEu0P7g5AIHr,1,10,199093,0.185,0.397,0.44,0.00135,0.426,https://open.spotify.com/embed/track/5JucehRNSZbR80Kh1bz9BX,spotify:track:5JucehRNSZbR80Kh1bz9BX
24,5wIea6rmDFbFQAlLnhEv8a,A Crime,5puci7s1cYi93iBURc6z4T,1,1,193946,0.209,0.462,0.456,0.0,0.445,https://open.spotify.com/embed/track/5wIea6rmDFbFQAlLnhEv8a,spotify:track:5wIea6rmDFbFQAlLnhEv8a
25,2K2b3lVP4NcKmrJKEq96iU,Peace Signs,5puci7s1cYi93iBURc6z4T,1,2,173160,0.58,0.879,0.1,0.211,0.572,https://open.spotify.com/embed/track/2K2b3lVP4NcKmrJKEq96iU,spotify:track:2K2b3lVP4NcKmrJKEq96iU
26,1cBXnJrodwBz89ylkEpKHJ,Save Yourself,5puci7s1cYi93iBURc6z4T,1,3,299720,0.317,0.583,0.106,4.15e-05,0.524,https://open.spotify.com/embed/track/1cBXnJrodwBz89ylkEpKHJ,spotify:track:1cBXnJrodwBz89ylkEpKHJ
27,15eY7ByxPYQKpF3FSnXadX,DsharpG,5puci7s1cYi93iBURc6z4T,1,4,361040,0.0884,0.286,0.836,9.61e-05,0.114,https://open.spotify.com/embed/track/15eY7ByxPYQKpF3FSnXadX,spotify:track:15eY7ByxPYQKpF3FSnXadX
28,0vcvxYWADFt9v9ZzdZ606N,Don't Do It,5puci7s1cYi93iBURc6z4T,1,5,305600,0.17,0.679,0.0318,0.0298,0.218,https://open.spotify.com/embed/track/0vcvxYWADFt9v9ZzdZ606N,spotify:track:0vcvxYWADFt9v9ZzdZ606N
29,1kxob0ar9s23FbJKFTakOK,One Day,5puci7s1cYi93iBURc6z4T,1,6,283573,0.473,0.525,0.0631,0.0,0.596,https://open.spotify.com/embed/track/1kxob0ar9s23FbJKFTakOK,spotify:track:1kxob0ar9s23FbJKFTakOK
30,4evRqQUexMROsP0fyIuYgV,Love More,5puci7s1cYi93iBURc6z4T,1,7,314066,0.0393,0.13,0.282,3.93e-05,0.378,https://open.spotify.com/embed/track/4evRqQUexMROsP0fyIuYgV,spotify:track:4evRqQUexMROsP0fyIuYgV
31,66KaEPftgdj3MvwOK1Obfn,A Crime,5puci7s1cYi93iBURc6z4T,2,1,170321,0.312,0.9,0.0485,3.99e-05,0.262,https://open.spotify.com/embed/track/66KaEPftgdj3MvwOK1Obfn,spotify:track:66KaEPftgdj3MvwOK1Obfn
32,2POFtKZA1lsXksmDf78Ozg,Peace Signs,5puci7s1cYi93iBURc6z4T,2,2,188990,0.0364,0.887,0.0168,0.179,0.201,https://open.spotify.com/embed/track/2POFtKZA1lsXksmDf78Ozg,spotify:track:2POFtKZA1lsXksmDf78Ozg
33,1MUMeTbRDcMz4GDbZILGcU,Save Yourself,5puci7s1cYi93iBURc6z4T,2,3,345197,0.307,0.598,0.147,0.00175,0.412,https://open.spotify.com/embed/track/1MUMeTbRDcMz4GDbZILGcU,spotify:track:1MUMeTbRDcMz4GDbZILGcU
34,3B7zM6Ebe8udFOmpLNYYpO,DsharpG,5puci7s1cYi93iBURc6z4T,2,4,282381,0.0744,0.415,0.473,0.00615,0.443,https://open.spotify.com/embed/track/3B7zM6Ebe8udFOmpLNYYpO,spotify:track:3B7zM6Ebe8udFOmpLNYYpO
35,2BoWMwR1iCy4OHYbwkMuGX,Don't Do It,5puci7s1cYi93iBURc6z4T,2,5,288480,0.681,0.567,0.0348,2.29e-06,0.543,https://open.spotify.com/embed/track/2BoWMwR1iCy4OHYbwkMuGX,spotify:track:2BoWMwR1iCy4OHYbwkMuGX
36,0krpBelJJZNBQvAr3yPL3X,One Day,5puci7s1cYi93iBURc6z4T,2,6,246183,0.721,0.564,0.0968,0.00937,0.725,https://open.spotify.com/embed/track/0krpBelJJZNBQvAr3yPL3X,spotify:track:0krpBelJJZNBQvAr3yPL3X
37,5Nt62jCYyNKtllWgA9DtAC,Love More,5puci7s1cYi93iBURc6z4T,2,7,272067,0.72,0.442,0.29,0.0122,0.605,https://open.spotify.com/embed/track/5Nt62jCYyNKtllWgA9DtAC,spotify:track:5Nt62jCYyNKtllWgA9DtAC
38,549RAS6rH3AYH2n5b6CIzz,I Told You Everything,4bfvR9TMwCm2tzXpboLH3t,1,1,285680,0.111,0.277,0.601,0.000881,0.33,https://open.spotify.com/embed/track/549RAS6rH3AYH2n5b6CIzz,spotify:track:549RAS6rH3AYH2n5b6CIzz
39,3p0YazIk9m0WS11ZtpPa7I,No One's Easy to Love,4bfvR9TMwCm2tzXpboLH3t,1,2,274133,0.49,0.882,0.000231,0.2,0.459,https://open.spotify.com/embed/track/3p0YazIk9m0WS11ZtpPa7I,spotify:track:3p0YazIk9m0WS11ZtpPa7I
40,1LJSArNiJuq41EOqj72Tue,Memorial Day,4bfvR9TMwCm2tzXpboLH3t,1,3,267960,0.163,0.467,0.141,0.293,0.432,https://open.spotify.com/embed/track/1LJSArNiJuq41EOqj72Tue,spotify:track:1LJSArNiJuq41EOqj72Tue
41,1Qpyt7U1yu4tfuJc4LKuzF,Comeback Kid,4bfvR9TMwCm2tzXpboLH3t,1,4,182333,0.358,0.928,0.000329,0.567,0.543,https://open.spotify.com/embed/track/1Qpyt7U1yu4tfuJc4LKuzF,spotify:track:1Qpyt7U1yu4tfuJc4LKuzF
42,74n118P9h9Sz2AwDSc3f8N,Jupiter 4,4bfvR9TMwCm2tzXpboLH3t,1,5,314080,0.0584,0.495,0.0171,0.487,0.324,https://open.spotify.com/embed/track/74n118P9h9Sz2AwDSc3f8N,spotify:track:74n118P9h9Sz2AwDSc3f8N
43,5jZoYp0P8ML7AxkS3tQz3j,Seventeen,4bfvR9TMwCm2tzXpboLH3t,1,6,265920,0.249,0.774,0.0164,0.265,0.538,https://open.spotify.com/embed/track/5jZoYp0P8ML7AxkS3tQz3j,spotify:track:5jZoYp0P8ML7AxkS3tQz3j
44,4Qw2I1Jq44J9EH3RRK7wpu,Malibu,4bfvR9TMwCm2tzXpboLH3t,1,7,203453,0.139,0.487,0.167,0.0427,0.447,https://open.spotify.com/embed/track/4Qw2I1Jq44J9EH3RRK7wpu,spotify:track:4Qw2I1Jq44J9EH3RRK7wpu
45,6F09XWGVJ8ZCyAp3QGamP2,You Shadow,4bfvR9TMwCm2tzXpboLH3t,1,8,194173,0.202,0.736,0.0879,6.53e-06,0.463,https://open.spotify.com/embed/track/6F09XWGVJ8ZCyAp3QGamP2,spotify:track:6F09XWGVJ8ZCyAp3QGamP2
46,0TlyyVf9602GTXzzpYHPss,Hands,4bfvR9TMwCm2tzXpboLH3t,1,9,248720,0.105,0.565,0.000942,0.782,0.413,https://open.spotify.com/embed/track/0TlyyVf9602GTXzzpYHPss,spotify:track:0TlyyVf9602GTXzzpYHPss
47,0OvPnJGzMxPf9IbkOhO6vW,Stay,4bfvR9TMwCm2tzXpboLH3t,1,10,240840,0.0568,0.511,0.595,0.496,0.546,https://open.spotify.com/embed/track/0OvPnJGzMxPf9IbkOhO6vW,spotify:track:0OvPnJGzMxPf9IbkOhO6vW
48,3IjshyH1qjppgvHWD38TVf,Afraid of Nothing,6EQWzHbd3EYO8J4EAIJst4,1,1,245160,0.0397,0.336,0.831,0.00258,0.148,https://open.spotify.com/embed/track/3IjshyH1qjppgvHWD38TVf,spotify:track:3IjshyH1qjppgvHWD38TVf
49,4V6OQMf2e6cNnwUiV1zTgE,Taking Chances,6EQWzHbd3EYO8J4EAIJst4,1,2,230453,0.75,0.462,0.151,0.0136,0.527,https://open.spotify.com/embed/track/4V6OQMf2e6cNnwUiV1zTgE,spotify:track:4V6OQMf2e6cNnwUiV1zTgE
50,4H8o2Xd10sJSgAUugTGrWw,Your Love is Killing Me,6EQWzHbd3EYO8J4EAIJst4,1,3,378186,0.12,0.712,0.552,0.373,0.396,https://open.spotify.com/embed/track/4H8o2Xd10sJSgAUugTGrWw,spotify:track:4H8o2Xd10sJSgAUugTGrWw
51,2WCCyU7CazujWXYOqNjsLW,Our Love,6EQWzHbd3EYO8J4EAIJst4,1,4,232760,0.395,0.514,0.134,0.681,0.61,https://open.spotify.com/embed/track/2WCCyU7CazujWXYOqNjsLW,spotify:track:2WCCyU7CazujWXYOqNjsLW
52,5rm0BXilbprpZiBFFJgiFu,Tarifa,6EQWzHbd3EYO8J4EAIJst4,1,5,290613,0.103,0.328,0.252,0.000334,0.314,https://open.spotify.com/embed/track/5rm0BXilbprpZiBFFJgiFu,spotify:track:5rm0BXilbprpZiBFFJgiFu
53,4YEuoDuUEsMXzi8fpCAlka,I Love You But I'm Lost,6EQWzHbd3EYO8J4EAIJst4,1,6,258706,0.219,0.205,0.89,0.0,0.386,https://open.spotify.com/embed/track/4YEuoDuUEsMXzi8fpCAlka,spotify:track:4YEuoDuUEsMXzi8fpCAlka
54,6pdaBuMv2RI2IpD960z5DY,You Know Me Well,6EQWzHbd3EYO8J4EAIJst4,1,7,271573,0.353,0.514,0.722,0.00577,0.481,https://open.spotify.com/embed/track/6pdaBuMv2RI2IpD960z5DY,spotify:track:6pdaBuMv2RI2IpD960z5DY
55,2kN1BcwLtcSqWQkfuyWjju,Break Me,6EQWzHbd3EYO8J4EAIJst4,1,8,241133,0.101,0.534,0.0942,0.691,0.436,https://open.spotify.com/embed/track/2kN1BcwLtcSqWQkfuyWjju,spotify:track:2kN1BcwLtcSqWQkfuyWjju
56,7iPr9lOD3Kr1YLFbkELrBU,Nothing Will Change,6EQWzHbd3EYO8J4EAIJst4,1,9,195586,0.207,0.425,0.704,0.0517,0.509,https://open.spotify.com/embed/track/7iPr9lOD3Kr1YLFbkELrBU,spotify:track:7iPr9lOD3Kr1YLFbkELrBU
57,2HwwpzeQurB8X3jWnl3J4y,I Know,6EQWzHbd3EYO8J4EAIJst4,1,10,215813,0.23,0.19,0.83,0.0,0.457,https://open.spotify.com/embed/track/2HwwpzeQurB8X3jWnl3J4y,spotify:track:2HwwpzeQurB8X3jWnl3J4y
58,61qxP4Vs5DVX0Ic4GnBklu,Every Time the Sun Comes Up,6EQWzHbd3EYO8J4EAIJst4,1,11,262520,0.301,0.522,0.392,5.41e-06,0.663,https://open.spotify.com/embed/track/61qxP4Vs5DVX0Ic4GnBklu,spotify:track:61qxP4Vs5DVX0Ic4GnBklu
59,4kbgZfLYw3MZ39DhucZQrd,Warsaw,6osxQZGs4PSQelUKNXS19u,1,1,147360,0.319,0.651,0.00619,0.000106,0.385,https://open.spotify.com/embed/track/4kbgZfLYw3MZ39DhucZQrd,spotify:track:4kbgZfLYw3MZ39DhucZQrd
60,0anzPMq0fo2njqmMESmZPW,Give Out,6osxQZGs4PSQelUKNXS19u,1,2,259293,0.162,0.316,0.846,0.0,0.481,https://open.spotify.com/embed/track/0anzPMq0fo2njqmMESmZPW,spotify:track:0anzPMq0fo2njqmMESmZPW
61,6qs6D6SywSDo6ch5RAqAj9,Serpents,6osxQZGs4PSQelUKNXS19u,1,3,182146,0.164,0.77,0.000406,0.00196,0.432,https://open.spotify.com/embed/track/6qs6D6SywSDo6ch5RAqAj9,spotify:track:6qs6D6SywSDo6ch5RAqAj9
62,3vGWBmoKfBZ7XpGTEd4cVs,Kevin's,6osxQZGs4PSQelUKNXS19u,1,4,242546,0.0641,0.302,0.237,0.0052,0.27,https://open.spotify.com/embed/track/3vGWBmoKfBZ7XpGTEd4cVs,spotify:track:3vGWBmoKfBZ7XpGTEd4cVs
63,1WfocWeeUlhcJLYpG82Iip,Leonard,6osxQZGs4PSQelUKNXS19u,1,5,228013,0.193,0.445,0.509,2.7e-06,0.136,https://open.spotify.com/embed/track/1WfocWeeUlhcJLYpG82Iip,spotify:track:1WfocWeeUlhcJLYpG82Iip
64,5yFLEQYGeP4NVU7SCMFb2o,In Line,6osxQZGs4PSQelUKNXS19u,1,6,284280,0.131,0.412,0.489,0.000157,0.449,https://open.spotify.com/embed/track/5yFLEQYGeP4NVU7SCMFb2o,spotify:track:5yFLEQYGeP4NVU7SCMFb2o
65,5o9jtfi7Ai1TdsYDw5n9y3,All I Can,6osxQZGs4PSQelUKNXS19u,1,7,294600,0.0886,0.466,0.0141,3.09e-06,0.401,https://open.spotify.com/embed/track/5o9jtfi7Ai1TdsYDw5n9y3,spotify:track:5o9jtfi7Ai1TdsYDw5n9y3
66,0Jafup9eJX4Z92CE5t0s9Y,We Are Fine,6osxQZGs4PSQelUKNXS19u,1,8,229213,0.0959,0.322,0.633,0.00643,0.425,https://open.spotify.com/embed/track/0Jafup9eJX4Z92CE5t0s9Y,spotify:track:0Jafup9eJX4Z92CE5t0s9Y
67,0xtzELQu0SMqaEQay9TzsQ,Magic Chords,6osxQZGs4PSQelUKNXS19u,1,9,236173,0.212,0.473,0.398,1.08e-05,0.282,https://open.spotify.com/embed/track/0xtzELQu0SMqaEQay9TzsQ,spotify:track:0xtzELQu0SMqaEQay9TzsQ
68,7txMLxDR6nUSYNUUwhXrdD,Ask,6osxQZGs4PSQelUKNXS19u,1,10,201946,0.0732,0.344,0.797,0.0,0.316,https://open.spotify.com/embed/track/7txMLxDR6nUSYNUUwhXrdD,spotify:track:7txMLxDR6nUSYNUUwhXrdD
69,0oNidCBUpR7Us1FZz28tgU,I'm Wrong,6osxQZGs4PSQelUKNXS19u,1,11,235146,0.159,0.411,0.668,0.00034,0.177,https://open.spotify.com/embed/track/0oNidCBUpR7Us1FZz28tgU,spotify:track:0oNidCBUpR7Us1FZz28tgU
70,4d8lzBu9jSHuLRr0bHrvOE,Joke or a Lie,6osxQZGs4PSQelUKNXS19u,1,12,242720,0.0843,0.0595,0.854,0.000213,0.108,https://open.spotify.com/embed/track/4d8lzBu9jSHuLRr0bHrvOE,spotify:track:4d8lzBu9jSHuLRr0bHrvOE
71,2DcvC9TiIE6BMsS36vWwDl,Warsaw - Demo,6osxQZGs4PSQelUKNXS19u,1,13,147333,0.63,0.764,0.718,0.782,0.447,https://open.spotify.com/embed/track/2DcvC9TiIE6BMsS36vWwDl,spotify:track:2DcvC9TiIE6BMsS36vWwDl
72,4ZDhqEqYxWlaco3Qq4SoXf,Give Out - Demo,6osxQZGs4PSQelUKNXS19u,1,14,198240,0.261,0.173,0.915,0.0,0.499,https://open.spotify.com/embed/track/4ZDhqEqYxWlaco3Qq4SoXf,spotify:track:4ZDhqEqYxWlaco3Qq4SoXf
73,7b6ZFy7CLm4d75uFAuZTqy,Serpents - Demo,6osxQZGs4PSQelUKNXS19u,1,15,345346,0.15,0.403,0.861,0.0114,0.446,https://open.spotify.com/embed/track/7b6ZFy7CLm4d75uFAuZTqy,spotify:track:7b6ZFy7CLm4d75uFAuZTqy
74,4wrpX79jV7UGFyoTbzP7Ig,Kevin's - Demo,6osxQZGs4PSQelUKNXS19u,1,16,237040,0.0914,0.135,0.899,7.37e-06,0.353,https://open.spotify.com/embed/track/4wrpX79jV7UGFyoTbzP7Ig,spotify:track:4wrpX79jV7UGFyoTbzP7Ig
75,3521COd5IfnYPtzr9Cu5zw,Leonard - Demo,6osxQZGs4PSQelUKNXS19u,1,17,368186,0.218,0.0569,0.86,5.23e-06,0.398,https://open.spotify.com/embed/track/3521COd5IfnYPtzr9Cu5zw,spotify:track:3521COd5IfnYPtzr9Cu5zw
76,5dH5Ydux0gjUgeNOFxGYJY,In Line - Demo,6osxQZGs4PSQelUKNXS19u,1,18,433333,0.0548,0.125,0.865,0.00655,0.338,https://open.spotify.com/embed/track/5dH5Ydux0gjUgeNOFxGYJY,spotify:track:5dH5Ydux0gjUgeNOFxGYJY
77,2qo83INg2LxD5m8oeKuxO1,All I Can - Demo,6osxQZGs4PSQelUKNXS19u,1,19,296826,0.273,0.08,0.895,0.0,0.515,https://open.spotify.com/embed/track/2qo83INg2LxD5m8oeKuxO1,spotify:track:2qo83INg2LxD5m8oeKuxO1
78,1pfb9Nm8JTY58HfS5mtZWR,We Are Fine - Demo,6osxQZGs4PSQelUKNXS19u,1,20,264080,0.525,0.0767,0.908,0.0,0.472,https://open.spotify.com/embed/track/1pfb9Nm8JTY58HfS5mtZWR,spotify:track:1pfb9Nm8JTY58HfS5mtZWR
79,00Hre1naVS3Oah25fi9kvQ,Magic Chords - Demo,6osxQZGs4PSQelUKNXS19u,1,21,223933,0.138,0.236,0.525,7.3e-05,0.706,https://open.spotify.com/embed/track/00Hre1naVS3Oah25fi9kvQ,spotify:track:00Hre1naVS3Oah25fi9kvQ
80,1HJVXZr3Oo2G8Vi90Jhajs,Ask - Demo,6osxQZGs4PSQelUKNXS19u,1,22,215200,0.125,0.299,0.8,4.99e-06,0.486,https://open.spotify.com/embed/track/1HJVXZr3Oo2G8Vi90Jhajs,spotify:track:1HJVXZr3Oo2G8Vi90Jhajs
81,5xM1rp5RYJYbktegKiclAf,I'm Wrong - Demo,6osxQZGs4PSQelUKNXS19u,1,23,247826,0.164,0.257,0.882,0.0057,0.488,https://open.spotify.com/embed/track/5xM1rp5RYJYbktegKiclAf,spotify:track:5xM1rp5RYJYbktegKiclAf
82,5NfXsCEq7ozzlpFH1SCiDG,Joke or a Lie - Demo,6osxQZGs4PSQelUKNXS19u,1,24,189000,0.331,0.00857,0.945,0.0,0.419,https://open.spotify.com/embed/track/5NfXsCEq7ozzlpFH1SCiDG,spotify:track:5NfXsCEq7ozzlpFH1SCiDG
83,5nys6zsYfQP5DrftJ8w9fP,Tell Me - Demo,6osxQZGs4PSQelUKNXS19u,1,25,251240,0.18,0.25,0.625,0.00566,0.431,https://open.spotify.com/embed/track/5nys6zsYfQP5DrftJ8w9fP,spotify:track:5nys6zsYfQP5DrftJ8w9fP
84,3ntkUvtT1zJeUuoxrq6H4j,Warsaw,1StZHZ13mdQcQPG8QQjndF,1,1,147360,0.319,0.651,0.00619,0.000106,0.385,https://open.spotify.com/embed/track/3ntkUvtT1zJeUuoxrq6H4j,spotify:track:3ntkUvtT1zJeUuoxrq6H4j
85,3UI8aroRHs4VM054hxfGgY,Give Out,1StZHZ13mdQcQPG8QQjndF,1,2,259293,0.162,0.316,0.846,0.0,0.481,https://open.spotify.com/embed/track/3UI8aroRHs4VM054hxfGgY,spotify:track:3UI8aroRHs4VM054hxfGgY
86,2v05RhwIQx3zbN8O72Ff69,Serpents,1StZHZ13mdQcQPG8QQjndF,1,3,182146,0.164,0.77,0.000406,0.00196,0.432,https://open.spotify.com/embed/track/2v05RhwIQx3zbN8O72Ff69,spotify:track:2v05RhwIQx3zbN8O72Ff69
87,7tglqXirZ8WzZA9TeFy4YX,Kevin's,1StZHZ13mdQcQPG8QQjndF,1,4,242546,0.0641,0.302,0.237,0.0052,0.27,https://open.spotify.com/embed/track/7tglqXirZ8WzZA9TeFy4YX,spotify:track:7tglqXirZ8WzZA9TeFy4YX
88,2fZLMdueihqvdC4OPaH9SD,Leonard,1StZHZ13mdQcQPG8QQjndF,1,5,228013,0.193,0.445,0.509,2.7e-06,0.136,https://open.spotify.com/embed/track/2fZLMdueihqvdC4OPaH9SD,spotify:track:2fZLMdueihqvdC4OPaH9SD
89,5Ij0MESDr2tWN3G1uaTs8U,In Line,1StZHZ13mdQcQPG8QQjndF,1,6,284280,0.131,0.412,0.489,0.000157,0.449,https://open.spotify.com/embed/track/5Ij0MESDr2tWN3G1uaTs8U,spotify:track:5Ij0MESDr2tWN3G1uaTs8U
90,0nlKT1dSuSRw0WISnDonEI,All I Can,1StZHZ13mdQcQPG8QQjndF,1,7,294600,0.0886,0.466,0.0141,3.09e-06,0.401,https://open.spotify.com/embed/track/0nlKT1dSuSRw0WISnDonEI,spotify:track:0nlKT1dSuSRw0WISnDonEI
91,2wqWfGrPq6mqnrTlWen3XW,We Are Fine,1StZHZ13mdQcQPG8QQjndF,1,8,229213,0.0959,0.322,0.633,0.00643,0.425,https://open.spotify.com/embed/track/2wqWfGrPq6mqnrTlWen3XW,spotify:track:2wqWfGrPq6mqnrTlWen3XW
92,2NA7ivYQzC48oGph8azDd3,Magic Chords,1StZHZ13mdQcQPG8QQjndF,1,9,236173,0.212,0.473,0.398,1.08e-05,0.282,https://open.spotify.com/embed/track/2NA7ivYQzC48oGph8azDd3,spotify:track:2NA7ivYQzC48oGph8azDd3
93,5ucGxgQ32q3wVnNkCnWhI2,Ask,1StZHZ13mdQcQPG8QQjndF,1,10,201946,0.0732,0.344,0.797,0.0,0.316,https://open.spotify.com/embed/track/5ucGxgQ32q3wVnNkCnWhI2,spotify:track:5ucGxgQ32q3wVnNkCnWhI2
94,4DSmjbIBldQ2oeq178I5Du,I'm Wrong,1StZHZ13mdQcQPG8QQjndF,1,11,235146,0.159,0.411,0.668,0.00034,0.177,https://open.spotify.com/embed/track/4DSmjbIBldQ2oeq178I5Du,spotify:track:4DSmjbIBldQ2oeq178I5Du
95,6XRTUoc6gUpgZVJSc2AgZa,Joke or a Lie,1StZHZ13mdQcQPG8QQjndF,1,12,242720,0.0843,0.0595,0.854,0.000213,0.108,https://open.spotify.com/embed/track/6XRTUoc6gUpgZVJSc2AgZa,spotify:track:6XRTUoc6gUpgZVJSc2AgZa
96,7qgaeP5LiVV168tpHcqO8g,A Crime,7mfSdEokzQjI5AxwrRauZv,1,1,193946,0.209,0.462,0.458,0.0,0.441,https://open.spotify.com/embed/track/7qgaeP5LiVV168tpHcqO8g,spotify:track:7qgaeP5LiVV168tpHcqO8g
97,6dIBSqoqJ6VS8OWhtbDZyu,Peace Signs,7mfSdEokzQjI5AxwrRauZv,1,2,173160,0.58,0.879,0.1,0.212,0.572,https://open.spotify.com/embed/track/6dIBSqoqJ6VS8OWhtbDZyu,spotify:track:6dIBSqoqJ6VS8OWhtbDZyu
98,2CedRtCvSQXff5I4yjJKha,Save Yourself,7mfSdEokzQjI5AxwrRauZv,1,3,299720,0.317,0.584,0.107,4.05e-05,0.524,https://open.spotify.com/embed/track/2CedRtCvSQXff5I4yjJKha,spotify:track:2CedRtCvSQXff5I4yjJKha
99,00r2NL4OsWabgi5tQdxJ7K,Dsharpg,7mfSdEokzQjI5AxwrRauZv,1,4,361040,0.0876,0.286,0.836,9.61e-05,0.11,https://open.spotify.com/embed/track/00r2NL4OsWabgi5tQdxJ7K,spotify:track:00r2NL4OsWabgi5tQdxJ7K
100,3hz7gbHVcObYH4BG2KR2sy,Don't Do It,7mfSdEokzQjI5AxwrRauZv,1,5,305600,0.176,0.68,0.0308,0.0259,0.21,https://open.spotify.com/embed/track/3hz7gbHVcObYH4BG2KR2sy,spotify:track:3hz7gbHVcObYH4BG2KR2sy
101,5th3rj1nW25bm5iSLiK3i9,One Day,7mfSdEokzQjI5AxwrRauZv,1,6,283573,0.469,0.525,0.0631,0.0,0.596,https://open.spotify.com/embed/track/5th3rj1nW25bm5iSLiK3i9,spotify:track:5th3rj1nW25bm5iSLiK3i9
102,6SHfaJ1GWWSbMNc7ekQgHp,Love More,7mfSdEokzQjI5AxwrRauZv,1,7,314066,0.0391,0.13,0.282,3.93e-05,0.274,https://open.spotify.com/embed/track/6SHfaJ1GWWSbMNc7ekQgHp,spotify:track:6SHfaJ1GWWSbMNc7ekQgHp
103,3VLW5iV89YorFPjo2uaK6w,I Wish I Knew,04hbnZg2TBWP0opEaOdoaV,1,1,229626,0.158,0.121,0.953,0.000135,0.359,https://open.spotify.com/embed/track/3VLW5iV89YorFPjo2uaK6w,spotify:track:3VLW5iV89YorFPjo2uaK6w
104,4siYVHOjNiOjedwJWZJmMR,Consolation Prize,04hbnZg2TBWP0opEaOdoaV,1,2,242960,0.0635,0.365,0.651,0.0406,0.385,https://open.spotify.com/embed/track/4siYVHOjNiOjedwJWZJmMR,spotify:track:4siYVHOjNiOjedwJWZJmMR
105,5WbgfhvWXfZkNr99dbHcRq,For You,04hbnZg2TBWP0opEaOdoaV,1,3,150533,0.0738,0.394,0.822,0.000272,0.362,https://open.spotify.com/embed/track/5WbgfhvWXfZkNr99dbHcRq,spotify:track:5WbgfhvWXfZkNr99dbHcRq
106,3PpEsGlNCQlT7RrrtUQii7,I Fold,04hbnZg2TBWP0opEaOdoaV,1,4,206133,0.0392,0.295,0.846,0.21,0.348,https://open.spotify.com/embed/track/3PpEsGlNCQlT7RrrtUQii7,spotify:track:3PpEsGlNCQlT7RrrtUQii7
107,7D9V1gdfEzr0Xy3p8s8kFt,Have You Seen,04hbnZg2TBWP0opEaOdoaV,1,5,196093,0.212,0.192,0.881,0.00069,0.532,https://open.spotify.com/embed/track/7D9V1gdfEzr0Xy3p8s8kFt,spotify:track:7D9V1gdfEzr0Xy3p8s8kFt
108,3cHp1k6SooXdmr2isfzE6E,Tornado,04hbnZg2TBWP0opEaOdoaV,1,6,271080,0.173,0.207,0.836,0.0,0.33,https://open.spotify.com/embed/track/3cHp1k6SooXdmr2isfzE6E,spotify:track:3cHp1k6SooXdmr2isfzE6E
109,32Q4jtn4eyMCisghU61SzE,Much More Than That,04hbnZg2TBWP0opEaOdoaV,1,7,273226,0.137,0.169,0.964,0.0105,0.351,https://open.spotify.com/embed/track/32Q4jtn4eyMCisghU61SzE,spotify:track:32Q4jtn4eyMCisghU61SzE
110,3eQr52qX2zb2dKpZMH1cOm,Same Dream,04hbnZg2TBWP0opEaOdoaV,1,8,194266,0.166,0.15,0.965,0.000565,0.356,https://open.spotify.com/embed/track/3eQr52qX2zb2dKpZMH1cOm,spotify:track:3eQr52qX2zb2dKpZMH1cOm
111,3Pm3orZ6JyYIqKRtfzKUAz,Keep,04hbnZg2TBWP0opEaOdoaV,1,9,298960,0.117,0.188,0.954,0.000228,0.288,https://open.spotify.com/embed/track/3Pm3orZ6JyYIqKRtfzKUAz,spotify:track:3Pm3orZ6JyYIqKRtfzKUAz
112,6W5oN8VU7vhvgXtbGMVAeg,It's Not Like,04hbnZg2TBWP0opEaOdoaV,1,10,254253,0.146,0.598,0.55,0.00375,0.325,https://open.spotify.com/embed/track/6W5oN8VU7vhvgXtbGMVAeg,spotify:track:6W5oN8VU7vhvgXtbGMVAeg
113,28lQhPKkFWGhAL1nn9LtMC,Holding Out,04hbnZg2TBWP0opEaOdoaV,1,11,369066,0.19,0.0942,0.975,1.04e-05,0.368,https://open.spotify.com/embed/track/28lQhPKkFWGhAL1nn9LtMC,spotify:track:28lQhPKkFWGhAL1nn9LtMC
114,6MOQ1lvRp2hGZNxXbNEFCA,I'm Giving up on You,04hbnZg2TBWP0opEaOdoaV,1,12,242240,0.0392,0.283,0.84,0.000515,0.139,https://open.spotify.com/embed/track/6MOQ1lvRp2hGZNxXbNEFCA,spotify:track:6MOQ1lvRp2hGZNxXbNEFCA
115,2EyHo31vNqKs7oVKayyVi6,You Didn't Really Do That,04hbnZg2TBWP0opEaOdoaV,1,13,242775,0.0956,0.275,0.924,9.34e-05,0.427,https://open.spotify.com/embed/track/2EyHo31vNqKs7oVKayyVi6,spotify:track:2EyHo31vNqKs7oVKayyVi6
116,3oxzFERSMgMaCPZGshSpHp,I Wish I Knew,3r8mKxg4RO934B6fksLCqN,1,1,227693,0.176,0.0333,0.99,0.565,0.412,https://open.spotify.com/embed/track/3oxzFERSMgMaCPZGshSpHp,spotify:track:3oxzFERSMgMaCPZGshSpHp
117,1rvsWurvB8VkqYT63XmJLD,Consolation Prize,3r8mKxg4RO934B6fksLCqN,1,2,243800,0.0757,0.196,0.931,0.689,0.412,https://open.spotify.com/embed/track/1rvsWurvB8VkqYT63XmJLD,spotify:track:1rvsWurvB8VkqYT63XmJLD
118,3fZUSiSY60HxvwF5p8et1X,For You,3r8mKxg4RO934B6fksLCqN,1,3,151906,0.168,0.224,0.902,0.408,0.422,https://open.spotify.com/embed/track/3fZUSiSY60HxvwF5p8et1X,spotify:track:3fZUSiSY60HxvwF5p8et1X
119,1258jas2GeowQ4SnrEWyAG,I Fold,3r8mKxg4RO934B6fksLCqN,1,4,206800,0.124,0.145,0.957,0.796,0.352,https://open.spotify.com/embed/track/1258jas2GeowQ4SnrEWyAG,spotify:track:1258jas2GeowQ4SnrEWyAG
120,28sBNaHhtr8SuuyEtDFQpN,Have You Seen,3r8mKxg4RO934B6fksLCqN,1,5,194986,0.254,0.0488,0.974,0.495,0.55,https://open.spotify.com/embed/track/28sBNaHhtr8SuuyEtDFQpN,spotify:track:28sBNaHhtr8SuuyEtDFQpN
121,1cYnwO4nOm3EckK5PftJkV,Tornado,3r8mKxg4RO934B6fksLCqN,1,6,271320,0.151,0.0597,0.963,0.000293,0.365,https://open.spotify.com/embed/track/1cYnwO4nOm3EckK5PftJkV,spotify:track:1cYnwO4nOm3EckK5PftJkV
122,30O3hsT0zy8dx7dasDqS02,Much More Than That,3r8mKxg4RO934B6fksLCqN,1,7,272346,0.158,0.0863,0.984,0.733,0.245,https://open.spotify.com/embed/track/30O3hsT0zy8dx7dasDqS02,spotify:track:30O3hsT0zy8dx7dasDqS02
123,0DUnP25h31iYRE3W07UoKc,Same Dream,3r8mKxg4RO934B6fksLCqN,1,8,194320,0.204,0.0428,0.99,0.312,0.342,https://open.spotify.com/embed/track/0DUnP25h31iYRE3W07UoKc,spotify:track:0DUnP25h31iYRE3W07UoKc
124,1GclvMxqIVU3UVSt1DoocC,Keep,3r8mKxg4RO934B6fksLCqN,1,9,299720,0.148,0.072,0.98,0.3,0.238,https://open.spotify.com/embed/track/1GclvMxqIVU3UVSt1DoocC,spotify:track:1GclvMxqIVU3UVSt1DoocC
125,4xHiftx35zFM4msqo5rU1S,It's Not Like,3r8mKxg4RO934B6fksLCqN,1,10,253906,0.218,0.405,0.852,0.603,0.218,https://open.spotify.com/embed/track/4xHiftx35zFM4msqo5rU1S,spotify:track:4xHiftx35zFM4msqo5rU1S
126,1Wf8ippvuOLJVvpVLWwiKH,Holding Out,3r8mKxg4RO934B6fksLCqN,1,11,367866,0.277,0.0303,0.99,0.0674,0.424,https://open.spotify.com/embed/track/1Wf8ippvuOLJVvpVLWwiKH,spotify:track:1Wf8ippvuOLJVvpVLWwiKH
127,3F8xxwdpfi50qEuHn6rrNH,Never Gonna Change,1kfPbv9rWWhaHV2cAivjiN,1,1,218720,0.113,0.727,0.0193,0.389,0.47,https://open.spotify.com/embed/track/3F8xxwdpfi50qEuHn6rrNH,spotify:track:3F8xxwdpfi50qEuHn6rrNH
128,1wpcpiSJKOTwLqVfPdWs91,Used To It,6FjwmEJ09Nu7Wbh3FxwRKt,1,1,271120,0.407,0.5,0.585,0.48,0.458,https://open.spotify.com/embed/track/1wpcpiSJKOTwLqVfPdWs91,spotify:track:1wpcpiSJKOTwLqVfPdWs91
129,2OtXVC8bMtf9uO7cDCNoCr,Porta,6FjwmEJ09Nu7Wbh3FxwRKt,1,2,206960,0.368,0.595,0.000252,0.163,0.559,https://open.spotify.com/embed/track/2OtXVC8bMtf9uO7cDCNoCr,spotify:track:2OtXVC8bMtf9uO7cDCNoCr
130,6zfI5bLVFhDzYUBHmMA7ni,Porta,4qf9PU9z1f7qql846P9bYO,1,1,206960,0.372,0.598,0.000247,0.19,0.564,https://open.spotify.com/embed/track/6zfI5bLVFhDzYUBHmMA7ni,spotify:track:6zfI5bLVFhDzYUBHmMA7ni
131,2HDycU1sqxlfYQloriXcK1,Femme Fatale,6tKQyT3LHSMOsObqfk264N,1,1,282773,0.288,0.345,0.372,0.262,0.122,https://open.spotify.com/embed/track/2HDycU1sqxlfYQloriXcK1,spotify:track:2HDycU1sqxlfYQloriXcK1
132,53GeeseR2mm7yjGIJCNvvq,Like I Used To - Acoustic Version,7uHg8PgXRvRgrzSscVAZ6M,1,1,241875,0.0724,0.369,0.879,0.0,0.637,https://open.spotify.com/embed/track/53GeeseR2mm7yjGIJCNvvq,spotify:track:53GeeseR2mm7yjGIJCNvvq
133,1kZpYFQHUKv4xHELaaUSqP,Like I Used To,0nRjg8p3TOmImvztpYncra,1,1,263754,0.517,0.719,0.119,0.000577,0.532,https://open.spotify.com/embed/track/1kZpYFQHUKv4xHELaaUSqP,spotify:track:1kZpYFQHUKv4xHELaaUSqP
134,4PV5r8Yze45CLbtwK72sbY,Let Go,5l3iQCDSQGliaaUkrptqVQ,1,1,282045,0.141,0.598,0.005,0.454,0.337,https://open.spotify.com/embed/track/4PV5r8Yze45CLbtwK72sbY,spotify:track:4PV5r8Yze45CLbtwK72sbY
135,3Mj7kZpKubb0I1cQyxCrsR,Some Things Last A Long Time,5l3iQCDSQGliaaUkrptqVQ,1,2,369435,0.253,0.464,0.00385,0.46,0.413,https://open.spotify.com/embed/track/3Mj7kZpKubb0I1cQyxCrsR,spotify:track:3Mj7kZpKubb0I1cQyxCrsR
136,7gBMYskozVv5YsFg6JHI4c,On Your Way Now,4D9yKvI6bRzSoRLhMODDQT,1,1,174432,0.255,0.287,0.686,0.00122,0.47,https://open.spotify.com/embed/track/7gBMYskozVv5YsFg6JHI4c,spotify:track:7gBMYskozVv5YsFg6JHI4c
137,0uyzIps7qIdNKOVIvR6Ex0,In My Room,2LPetL2iAG5jqVLPaKJPHc,1,1,165213,0.34,0.832,0.14,1.1e-06,0.484,https://open.spotify.com/embed/track/0uyzIps7qIdNKOVIvR6Ex0,spotify:track:0uyzIps7qIdNKOVIvR6Ex0
138,0NVk0WwXd7bZG2jpKgFEeS,Silent Night,2uV3toNhIWZJx63And14NO,1,1,156453,0.344,0.438,0.156,0.829,0.185,https://open.spotify.com/embed/track/0NVk0WwXd7bZG2jpKgFEeS,spotify:track:0NVk0WwXd7bZG2jpKgFEeS
139,6CgEVE9ZOCZNQ6Hkvti8MF,Blue Christmas,2uV3toNhIWZJx63And14NO,1,2,160666,0.101,0.208,0.877,0.751,0.259,https://open.spotify.com/embed/track/6CgEVE9ZOCZNQ6Hkvti8MF,spotify:track:6CgEVE9ZOCZNQ6Hkvti8MF
140,2WphjSfmTbX4wZ48SzYwaH,Lemon [Feat. Sharon Van Etten],5TQRtgQRRNiXb2fIah2lE4,1,1,197880,0.303,0.275,0.904,2.26e-05,0.614,https://open.spotify.com/embed/track/2WphjSfmTbX4wZ48SzYwaH,spotify:track:2WphjSfmTbX4wZ48SzYwaH
141,6aIzZWzJLbP3Zfz49Riz3F,Statues in the Garden (Arras),5TQRtgQRRNiXb2fIah2lE4,1,2,236680,0.414,0.84,0.346,0.00548,0.394,https://open.spotify.com/embed/track/6aIzZWzJLbP3Zfz49Riz3F,spotify:track:6aIzZWzJLbP3Zfz49Riz3F
142,3qV8W6cytQG53azQ5FnSE4,Let Go,5NRQoXu68ypYS1QUyZc1Yx,1,1,282045,0.157,0.598,0.00514,0.482,0.34,https://open.spotify.com/embed/track/3qV8W6cytQG53azQ5FnSE4,spotify:track:3qV8W6cytQG53azQ5FnSE4
143,4QORWVieqLfAYYdbAdScHL,"(What's So Funny 'Bout) Peace, Love and Understanding?",5MXBqDesl1ZcPL5ZilerUp,1,1,266093,0.084,0.322,0.645,0.000226,0.465,https://open.spotify.com/embed/track/4QORWVieqLfAYYdbAdScHL,spotify:track:4QORWVieqLfAYYdbAdScHL
144,2snqC2JRxRQWYJZ12C0rLK,Seventeen - feat. Norah Jones,7tcF8p6M2p8AivuCf02lIf,1,1,293029,0.323,0.644,0.412,0.000554,0.505,https://open.spotify.com/embed/track/2snqC2JRxRQWYJZ12C0rLK,spotify:track:2snqC2JRxRQWYJZ12C0rLK
145,3a54AP1nvH27x42ILSF8y7,Staring at a Mountain,0ZmCg7P0WvW6MZSTS9D1Wi,1,1,242929,0.0458,0.291,0.918,0.108,0.425,https://open.spotify.com/embed/track/3a54AP1nvH27x42ILSF8y7,spotify:track:3a54AP1nvH27x42ILSF8y7
146,42Eoh5RxHjeMc6PXdcZhrU,Beaten Down,6Jjwvjc78BPivBcRttzZg6,1,1,284706,0.206,0.445,0.222,0.396,0.621,https://open.spotify.com/embed/track/42Eoh5RxHjeMc6PXdcZhrU,spotify:track:42Eoh5RxHjeMc6PXdcZhrU
147,4UOeKWSxYV3nnhCkqXWgFZ,Keep,0dAWE6Lx80hREPthHU0MdY,1,1,298960,0.117,0.188,0.954,0.000228,0.288,https://open.spotify.com/embed/track/4UOeKWSxYV3nnhCkqXWgFZ,spotify:track:4UOeKWSxYV3nnhCkqXWgFZ
148,4s0mvp3ewGOiPt4Ie8wGBt,I Wish I Knew,55MEStsCnRChtFW0bCnz1N,1,1,229626,0.158,0.121,0.953,0.000135,0.359,https://open.spotify.com/embed/track/4s0mvp3ewGOiPt4Ie8wGBt,spotify:track:4s0mvp3ewGOiPt4Ie8wGBt
149,7wsCpIeRs65BTMzOjMnpmZ,Omnion (feat. Sharon Van Etten),7foQLJO9rGAlWMWYdrGcKI,1,1,294195,0.207,0.582,0.385,0.475,0.331,https://open.spotify.com/embed/track/7wsCpIeRs65BTMzOjMnpmZ,spotify:track:7wsCpIeRs65BTMzOjMnpmZ
150,0V1uZhadE2kk49y4A4vmhO,Omnion (feat. Sharon Van Etten) - Joe Goddard Remix,7foQLJO9rGAlWMWYdrGcKI,1,2,507153,0.157,0.73,0.000278,0.595,0.735,https://open.spotify.com/embed/track/0V1uZhadE2kk49y4A4vmhO,spotify:track:0V1uZhadE2kk49y4A4vmhO
151,11lGFozLV5jHmFFF5Yr8yP,Omnion (feat. Sharon Van Etten) - Joe Goddard Dub,7foQLJO9rGAlWMWYdrGcKI,1,3,509364,0.275,0.798,0.00018,0.542,0.77,https://open.spotify.com/embed/track/11lGFozLV5jHmFFF5Yr8yP,spotify:track:11lGFozLV5jHmFFF5Yr8yP
152,6iecOoMwAKyd2Xq5PbXKl4,Omnion (feat. Sharon Van Etten) - Ultramarine Remix,7foQLJO9rGAlWMWYdrGcKI,1,4,396566,0.29,0.388,0.657,0.0552,0.63,https://open.spotify.com/embed/track/6iecOoMwAKyd2Xq5PbXKl4,spotify:track:6iecOoMwAKyd2Xq5PbXKl4
153,5nhLzbrj1Ge41LOt70EUE5,Omnion,5Pt2V7629p7PBIqALDGhf0,1,1,294195,0.204,0.583,0.381,0.534,0.332,https://open.spotify.com/embed/track/5nhLzbrj1Ge41LOt70EUE5,spotify:track:5nhLzbrj1Ge41LOt70EUE5
154,46oaisyF173k4337ecbMZO,Omnion (Joe Goddard Remix),5Pt2V7629p7PBIqALDGhf0,1,2,507153,0.154,0.73,0.000273,0.6,0.736,https://open.spotify.com/embed/track/46oaisyF173k4337ecbMZO,spotify:track:46oaisyF173k4337ecbMZO
155,13gEd5PEKLmf3TAvRXpIKq,Omnion (Joe Goddard Dub),5Pt2V7629p7PBIqALDGhf0,1,3,509364,0.116,0.88,0.000192,0.513,0.768,https://open.spotify.com/embed/track/13gEd5PEKLmf3TAvRXpIKq,spotify:track:13gEd5PEKLmf3TAvRXpIKq
156,3Vvv1budaC0AD9X6pTs8C8,Omnion (Ultramarine Remix),5Pt2V7629p7PBIqALDGhf0,1,4,396566,0.277,0.387,0.651,0.0514,0.678,https://open.spotify.com/embed/track/3Vvv1budaC0AD9X6pTs8C8,spotify:track:3Vvv1budaC0AD9X6pTs8C8
157,4CX6XV1QJejALiqZuVfmoQ,Not Myself - Hercules & Love Affair Remix,1GRzxhS1ujJU2bdMjjwMy8,1,1,325852,0.533,0.628,0.00711,0.395,0.758,https://open.spotify.com/embed/track/4CX6XV1QJejALiqZuVfmoQ,spotify:track:4CX6XV1QJejALiqZuVfmoQ
158,0Sg9bWEaPtDO2JE7qwcMvy,The End of the World,1mucviYBsV3qhlMmO0wSgz,1,1,178640,0.256,0.234,0.793,0.00375,0.332,https://open.spotify.com/embed/track/0Sg9bWEaPtDO2JE7qwcMvy,spotify:track:0Sg9bWEaPtDO2JE7qwcMvy
159,70yPI9slLmLLqM3Rm4F2uc,Not Myself,4nD66VWQwueO0JYzRhsgpK,1,1,281148,0.22,0.165,0.988,0.00492,0.424,https://open.spotify.com/embed/track/70yPI9slLmLLqM3Rm4F2uc,spotify:track:70yPI9slLmLLqM3Rm4F2uc
160,4gs4j748nBAst44vcnli8b,"Words (Music from the Film ""Tig"")",7v3Ib81MvG9tVA4c2lKdVp,1,1,250680,0.0524,0.302,0.623,0.0524,0.275,https://open.spotify.com/embed/track/4gs4j748nBAst44vcnli8b,spotify:track:4gs4j748nBAst44vcnli8b
161,2R1QmACbs4S02eaHJVAIjq,I Don't Want to Let You Down,4109aQhIlnT1SCw6az5xg9,1,1,242893,0.414,0.659,0.0119,0.00321,0.486,https://open.spotify.com/embed/track/2R1QmACbs4S02eaHJVAIjq,spotify:track:2R1QmACbs4S02eaHJVAIjq
162,07NHZIqWG2sySyeKgvc42p,All Over Again,4109aQhIlnT1SCw6az5xg9,1,2,244079,0.343,0.462,0.734,0.158,0.543,https://open.spotify.com/embed/track/07NHZIqWG2sySyeKgvc42p,spotify:track:07NHZIqWG2sySyeKgvc42p
163,0jAr0UZIR3Xh6jf4sc99cB,I Don't Want to Let You Down,5UVmb4QMvHK0sJV7UaUax9,1,1,242893,0.414,0.659,0.0119,0.00321,0.486,https://open.spotify.com/embed/track/0jAr0UZIR3Xh6jf4sc99cB,spotify:track:0jAr0UZIR3Xh6jf4sc99cB
164,1Z7r6qSA9Wqtq5CAZTJZ4v,Just Like Blood,5UVmb4QMvHK0sJV7UaUax9,1,2,281426,0.266,0.529,0.53,0.163,0.417,https://open.spotify.com/embed/track/1Z7r6qSA9Wqtq5CAZTJZ4v,spotify:track:1Z7r6qSA9Wqtq5CAZTJZ4v
165,6ct6GmNEkXkBqzEFqEAfmS,I Always Fall Apart,5UVmb4QMvHK0sJV7UaUax9,1,3,200000,0.131,0.201,0.913,7.82e-05,0.338,https://open.spotify.com/embed/track/6ct6GmNEkXkBqzEFqEAfmS,spotify:track:6ct6GmNEkXkBqzEFqEAfmS
166,5WrdLpKv1J1wCnwYqJKvx8,Pay My Debts,5UVmb4QMvHK0sJV7UaUax9,1,4,315600,0.072,0.4,0.532,0.122,0.456,https://open.spotify.com/embed/track/5WrdLpKv1J1wCnwYqJKvx8,spotify:track:5WrdLpKv1J1wCnwYqJKvx8
167,1ntGwDBLPBZfFg7v18XGGT,Tell Me - Live,5UVmb4QMvHK0sJV7UaUax9,1,5,298013,0.0977,0.489,0.0948,1.27e-05,0.37,https://open.spotify.com/embed/track/1ntGwDBLPBZfFg7v18XGGT,spotify:track:1ntGwDBLPBZfFg7v18XGGT
168,7mipFAsLeQOE2749wbLavT,Tarifa – Live from Spotify NYC,6i9AX3K3l4YSKLMlelYbqH,1,1,269333,0.0793,0.208,0.821,0.0,0.344,https://open.spotify.com/embed/track/7mipFAsLeQOE2749wbLavT,spotify:track:7mipFAsLeQOE2749wbLavT
169,1cKih5nX9Era2wDjkG8DWB,Every Time the Sun Comes Up – Live from Spotify NYC,6i9AX3K3l4YSKLMlelYbqH,1,2,252893,0.158,0.442,0.531,1.89e-05,0.374,https://open.spotify.com/embed/track/1cKih5nX9Era2wDjkG8DWB,spotify:track:1cKih5nX9Era2wDjkG8DWB
170,1gtTz9u5uCDPMuTmWW8dKq,Tornado – Live from Spotify NYC,6i9AX3K3l4YSKLMlelYbqH,1,3,277240,0.124,0.164,0.877,0.0,0.397,https://open.spotify.com/embed/track/1gtTz9u5uCDPMuTmWW8dKq,spotify:track:1gtTz9u5uCDPMuTmWW8dKq
171,1Xw84Qwvl6vv305acwhAl6,Afraid of Nothing – Live from Spotify NYC,6i9AX3K3l4YSKLMlelYbqH,1,4,247453,0.0498,0.17,0.865,4.8e-06,0.338,https://open.spotify.com/embed/track/1Xw84Qwvl6vv305acwhAl6,spotify:track:1Xw84Qwvl6vv305acwhAl6
172,2iN0U7PU4YAe8S0FNtRVcB,Our Love (The Juan MacLean Remix),2GBrWVTav4A3SeA9vFaYPf,1,1,451111,0.771,0.472,0.787,0.914,0.599,https://open.spotify.com/embed/track/2iN0U7PU4YAe8S0FNtRVcB,spotify:track:2iN0U7PU4YAe8S0FNtRVcB
173,66BF0EoYzfh9BAMaTuT1U2,We Are Fine,1rpry3Ll1VaPGm94XDbVh8,1,1,231213,0.11,0.34,0.658,0.00915,0.422,https://open.spotify.com/embed/track/66BF0EoYzfh9BAMaTuT1U2,spotify:track:66BF0EoYzfh9BAMaTuT1U2
174,5XJdrBx8rVwUj1VlN4spIz,Hotel 2 Tango,1rpry3Ll1VaPGm94XDbVh8,1,2,180653,0.081,0.141,0.481,0.00091,0.333,https://open.spotify.com/embed/track/5XJdrBx8rVwUj1VlN4spIz,spotify:track:5XJdrBx8rVwUj1VlN4spIz
175,7iJD1ENYQjVCRhtIEbQTB0,Leonard,62Vk7ewZhzE5Ar6Iia4wuH,1,1,230013,0.186,0.44,0.566,2.25e-06,0.135,https://open.spotify.com/embed/track/7iJD1ENYQjVCRhtIEbQTB0,spotify:track:7iJD1ENYQjVCRhtIEbQTB0
176,2tzMFLAV8AmQfQujKQCZav,Life of His Own,62Vk7ewZhzE5Ar6Iia4wuH,1,2,225840,0.111,0.19,0.816,0.00193,0.312,https://open.spotify.com/embed/track/2tzMFLAV8AmQfQujKQCZav,spotify:track:2tzMFLAV8AmQfQujKQCZav
177,1y2M2b2HOCu0arCw91Uk6t,Serpents,3cV7XGoml1fEvjBUtK2jwq,1,1,184146,0.185,0.761,0.000436,0.000472,0.434,https://open.spotify.com/embed/track/1y2M2b2HOCu0arCw91Uk6t,spotify:track:1y2M2b2HOCu0arCw91Uk6t
178,68QYOYK3T86Snse6iYjIer,Mike McDermott,3cV7XGoml1fEvjBUtK2jwq,1,2,195680,0.4,0.701,0.134,0.00069,0.513,https://open.spotify.com/embed/track/68QYOYK3T86Snse6iYjIer,spotify:track:68QYOYK3T86Snse6iYjIer
179,34jlMAGYMmlOedHF7KMIl4,Like a Diamond,5W94462wXUFfh9Wh6prhMB,1,1,212416,0.383,0.369,0.881,0.41,0.448,https://open.spotify.com/embed/track/34jlMAGYMmlOedHF7KMIl4,spotify:track:34jlMAGYMmlOedHF7KMIl4
180,4T8bGTdOb4JKnUy54NezIi,Love More,6USNAadP5IgSCvNtGgRr3x,1,1,313721,0.0382,0.11,0.28,8.32e-05,0.15,https://open.spotify.com/embed/track/4T8bGTdOb4JKnUy54NezIi,spotify:track:4T8bGTdOb4JKnUy54NezIi
